mouse_ID	predicted_probability	std.error	conf.low	conf.high	time_point	sex	cage_ID
C01M1_3942	0.6961203411743386	1.1154101294543959	0.20468388560104703	0.953249622278664	1	Male	1
C01M1_3942	0.7718973896217302	1.131489670363998	0.2692122519954762	0.9688330798398994	2	Male	1
C01M1_3942	0.8442178010312623	1.1705499727736157	0.35336416265969717	0.9817323582073632	3	Male	1
C01M1_3942	0.760647693290611	1.1737267880675235	0.2415448518160247	0.9694302028087384	4	Male	1
C01M1_3942	0.8435373725204327	1.1745955255561682	0.35037804214237056	0.9817818709174403	5	Male	1
C01M1_3942	0.9176187694928465	1.3022895551298825	0.4645554944926757	0.9930556961678135	6	Male	1
C01M2_2472	0.15970902490519545	1.191999090243951	0.018045122128442247	0.6628186754251006	1	Male	1
C01M2_2472	0.5137611117729047	1.115129872927219	0.10616221673065604	0.9038429426571891	2	Male	1
C01M2_2472	0.5457438371420587	1.1137278952069611	0.1192682293669124	0.9142254602093328	3	Male	1
C01M2_2472	0.445682411217041	1.1311466515986737	0.0805322037051385	0.8806789649436665	4	Male	1
C01M2_2472	0.3547222968810581	1.1176540513046718	0.05792655965563545	0.8309276696260222	5	Male	1
C01M2_2472	0.3389886819070025	1.1351521087025156	0.05251752624513055	0.825930071994043	6	Male	1
C01M3_4215	0.4393432144985923	1.1064097152343901	0.08223569133186014	0.8726610934502873	1	Male	1
C01M3_4215	0.33483020969562777	1.12913987950062	0.05217866806065079	0.8215163342517465	2	Male	1
C01M3_4215	0.5255577290855212	1.111622530623771	0.11140988263226796	0.9072962599574012	3	Male	1
C01M3_4215	0.7820164346094414	1.1830467950837142	0.2609044374320536	0.9733040641086684	4	Male	1
C01M3_4215	0.7903591611374118	1.1512267148389415	0.28307259602242063	0.9729712810476215	5	Male	1
C01M3_4215	0.6884551404257562	1.1424251344222245	0.19058626155034605	0.9539998536350706	6	Male	1
C01M4_4146	0.0911582480102913	1.2599869336363958	0.008416550750137483	0.5423867734976526	1	Male	1
C01M4_4146	0.03821586025053558	1.3493034162603101	0.0028145748399202334	0.35871326444329055	2	Male	1
C01M4_4146	0.024157046983334554	1.4342728345697398	0.0014864921084081482	0.291604850057035	3	Male	1
C01M4_4146	0.02008692593447407	1.5035855227099275	0.0010749901760866126	0.2808152612736646	4	Male	1
C01M4_4146	0.019306987366677398	1.5351966017088112	9.705055538348887e-4	0.2851897532231746	5	Male	1
C01M4_4146	0.022773798536276584	1.6126827497070186	9.8694622314591e-4	0.35473103950378104	6	Male	1
C01M5_4176	0.5562359537244441	1.1054783449180772	0.12556019711793276	0.9162610682485045	1	Male	1
C01M5_4176	0.17991566965474184	1.216408654503475	0.019820167237375567	0.7041623707073912	2	Male	1
C01M5_4176	0.2928382103498874	1.1452790649583977	0.0420335388056893	0.7962576345238527	3	Male	1
C01M5_4176	0.30121897341825343	1.5167831073588645	0.02157645019674414	0.8939121825605604	4	Male	1
C01M5_4176	0.30856768109202093	1.749404151135723	0.014264794378550438	0.9322606421620677	5	Male	1
C01M5_4176	0.3149953066186461	1.9093771476515433	0.010780488361627472	0.9509882896055869	6	Male	1
C02M1_3336	0.12951391428972575	1.1532067503495356	0.015284595924731994	0.5878247519218573	1	Male	2
C02M1_3336	0.08639803637336321	1.1548519471466343	0.009738342657743738	0.47627737038795703	2	Male	2
C02M1_3336	0.08029561374516458	1.1592279755519816	0.008921033736405263	0.4585224825508427	3	Male	2
C02M1_3336	0.1022748524720587	1.1297299609854636	0.012292100759548813	0.5105059303437713	4	Male	2
C02M1_3336	0.13825455445030235	1.1132018721765504	0.017780736500539726	0.5870957601768978	5	Male	2
C02M1_3336	0.14387061505833787	1.1384449874643596	0.017726339593967515	0.6101169999182057	6	Male	2
C02M2_3804	0.37860628298967336	1.088385976625686	0.06731619675758767	0.8372257210655006	1	Male	2
C02M2_3804	0.2957346459164043	1.0882570970666732	0.047397088635634216	0.7799289013132482	2	Male	2
C02M2_3804	0.33780894466445766	1.0801851341438222	0.0578561837206444	0.8090810840156771	3	Male	2
C02M2_3804	0.386794085917229	1.1012290899464503	0.06791433001297653	0.8452159238316876	4	Male	2
C02M2_3804	0.2070417720562614	1.092965747851954	0.02974137527621216	0.6898297586450253	5	Male	2
C02M2_3804	0.14847938007463732	1.148650855195292	0.018023482061356396	0.6235718223944287	6	Male	2
C02M3_2832	0.7980236164139637	1.112773458639134	0.30852833486212244	0.9722123701395777	1	Male	2
C02M3_2832	0.7985984352401335	1.1016043204394885	0.31398650167682346	0.9717131132630876	2	Male	2
C02M3_2832	0.7743358386861173	1.0946579834428911	0.28648190431021964	0.9670241508431778	3	Male	2
C02M3_2832	0.6969035195835686	1.0823637083938145	0.21605631774815187	0.9504517141039249	4	Male	2
C02M3_2832	0.6385072645637855	1.074396929600156	0.17698809726822354	0.9355153530979011	5	Male	2
C02M3_2832	0.6271247803202834	1.0856109145337693	0.16688641012215866	0.9338666189604166	6	Male	2
C02M4_3327	0.17227010042667745	1.1393559647966915	0.021823132834462695	0.6600401984601835	1	Male	2
C02M4_3327	0.26598955645884553	1.0904181258060412	0.04100285242564493	0.7543806394057357	2	Male	2
C02M4_3327	0.31842000020643135	1.082144620007282	0.053050230170447014	0.7957470392231871	3	Male	2
C02M4_3327	0.36002511383570973	1.0817431012967216	0.06324340262677945	0.8241791545061798	4	Male	2
C02M4_3327	0.49048854768293776	1.0653914908958635	0.1065782448197708	0.8859555557324553	5	Male	2
C02M4_3327	0.5636343664787479	1.0799754921843414	0.13461125213752412	0.9147169011663544	6	Male	2
C02M5_4105	0.8471069979820113	1.142890061081267	0.37099871770817305	0.9811481428191291	1	Male	2
C02M5_4105	0.8834164480269117	1.1287030523307857	0.45337861777857164	0.985760671500518	2	Male	2
C02M5_4105	0.9001558233549081	1.1342993232723868	0.4939431280351058	0.9881340213553798	3	Male	2
C02M5_4105	0.9095280993519751	1.1458737427958843	0.5154988614981098	0.9895821061326876	4	Male	2
C02M5_4105	0.9405603533500847	1.1829879252336364	0.608949976522873	0.9938193259482001	5	Male	2
C02M5_4105	0.9466158183664297	1.2434335298687953	0.607852429686959	0.9950944175170461	6	Male	2
C03M1_3856	0.24159392497764448	1.12650059129314	0.03383426871034823	0.7434427540785454	1	Male	3
C03M1_3856	0.3854958633750142	1.0831490790502185	0.0698355384982737	0.8397875217914038	2	Male	3
C03M1_3856	0.5145568423462688	1.1033217391381556	0.1086866533553561	0.9020943363520698	3	Male	3
C03M1_3856	0.510476756114367	1.0954643918519749	0.1085965399874428	0.8992558916905385	4	Male	3
C03M1_3856	0.3245639497479862	1.1139837267151096	0.051356387009536396	0.8100741554713561	5	Male	3
C03M1_3856	0.41739253244697405	1.1018140498097895	0.07635019511822591	0.8612880233000058	6	Male	3
C03M2_1576	0.6188223722290953	1.0866256435012314	0.16175950719955745	0.9317762468875799	1	Male	3
C03M2_1576	0.6304999653214558	1.0862692797999427	0.16872557453762366	0.9348327705864616	2	Male	3
C03M2_1576	0.5399459901598251	1.0909068941442281	0.12153081245810002	0.9087331160192138	3	Male	3
C03M2_1576	0.5970332396354817	1.082087254330528	0.15087774071995558	0.9251154369661784	4	Male	3
C03M2_1576	0.6683335004602045	1.0872086901345381	0.19306245754130938	0.9443569602701514	5	Male	3
C03M2_1576	0.7363477132630495	1.125921412962211	0.23510719972334534	0.9620879447504761	6	Male	3
C03M3_4011	0.7520272407313945	1.1052449585037007	0.257924006191983	0.9635854924924487	1	Male	3
C03M3_4011	0.7821836486301567	1.095762211598991	0.2954172134532903	0.9685100906519251	2	Male	3
C03M3_4011	0.8223658884929549	1.1046769012557978	0.34690595773473937	0.9758160870540135	3	Male	3
C03M3_4011	0.8428687982304407	1.124505045048312	0.3718568271014748	0.9798406066555486	4	Male	3
C03M3_4011	0.8156622721677912	1.1154927795691678	0.3320129443639881	0.9752424715813016	5	Male	3
C03M3_4011	0.6942782121599029	1.1325984912337534	0.19787086536922838	0.9543509864240498	6	Male	3
C03M4_3083	0.10223881301037445	1.1890966587867475	0.010952448862630016	0.5394165188914619	1	Male	3
C03M4_3083	0.07513487509108217	1.183046554193916	0.00793038480917648	0.4522374677545939	2	Male	3
C03M4_3083	0.07355675986508109	1.193872634933167	0.007590466573762881	0.4518130071517779	3	Male	3
C03M4_3083	0.06750714591656709	1.247593139396548	0.006237829353865576	0.4550242931483697	4	Male	3
C03M4_3083	0.08234155194768146	1.3816234015141209	0.005947130831940021	0.5737047502655552	5	Male	3
C03M4_3083	0.09825982615921404	1.5026782073403784	0.005698109998636461	0.6744725089890942	6	Male	3
C03M5_3542	0.5370720421971722	1.0841858291061381	0.12170265540203855	0.9066606092737209	1	Male	3
C03M5_3542	0.5094222158928271	1.078006243449228	0.11153467547555296	0.8957198564338983	2	Male	3
C03M5_3542	0.4445590881286739	1.0806309220220782	0.08780967705837547	0.8693607463205645	3	Male	3
C03M5_3542	0.3203299627314083	1.087092872490713	0.053004440005458675	0.798735041222337	4	Male	3
C03M5_3542	0.2804424093487982	1.0934065127986312	0.04371747199951058	0.7686615933170851	5	Male	3
C03M5_3542	0.19841275896356433	1.1511351060786337	0.025272830986701335	0.7026479174775743	6	Male	3
C04M1_3429	0.27148244359587226	1.1095291917287422	0.04063072507901883	0.7662977627336441	1	Male	4
C04M1_3429	0.3826299157174093	1.0861490436103152	0.06867561733591708	0.8389468060612123	2	Male	4
C04M1_3429	0.45704881886290016	1.0829215034847013	0.09156149740040616	0.8754747653301697	3	Male	4
C04M1_3429	0.5893305770754618	1.096475865615642	0.14333597002614076	0.924857399667944	4	Male	4
C04M1_3429	0.5431197424289474	1.071706446202549	0.12701673253514012	0.906651176098613	5	Male	4
C04M1_3429	0.577853963674655	1.0893525676780529	0.13929930444998112	0.920492805184304	6	Male	4
C04M2_3342	0.4201921983887175	1.0873787495044736	0.07920429711262704	0.8592698434918583	1	Male	4
C04M2_3342	0.37519922809681666	1.0857490282608127	0.06673219563458474	0.8345264834986456	2	Male	4
C04M2_3342	0.38550724119389684	1.0843667409580795	0.06968378286246145	0.8401148132338402	3	Male	4
C04M2_3342	0.35241977161217247	1.083013558551047	0.061163699490995926	0.8196898889528874	4	Male	4
C04M2_3342	0.38170566361261693	1.0731092466263867	0.07007288523157369	0.8349248168915347	5	Male	4
C04M2_3342	0.42245771502429247	1.0860128430917113	0.08008163646412474	0.8600678666748325	6	Male	4
C04M3_3180	0.8777757463245506	1.1897723652707588	0.41086822534200684	0.986658501666455	1	Male	4
C04M3_3180	0.9357426096472133	1.1910349070309456	0.5851759664906128	0.9933919009808785	2	Male	4
C04M3_3180	0.9546685127443132	1.2254880638169996	0.6559843611075905	0.9957189842522776	3	Male	4
C04M3_3180	0.9604965135517394	1.2401832555669488	0.6814290458173462	0.9963948345500159	4	Male	4
C04M3_3180	0.9586964618075212	1.2329285368066374	0.6743949588504651	0.9961702622864362	5	Male	4
C04M3_3180	0.9436597238331222	1.2515407192519337	0.5903424535100114	0.9948894810905687	6	Male	4
C04M4_2017	0.5491876934055984	1.086598919641131	0.12649560860221098	0.9110954166180438	1	Male	4
C04M4_2017	0.6403696637501565	1.09805201616881	0.17148012489746708	0.9387227400875647	2	Male	4
C04M4_2017	0.5826592875793222	1.0916597608660452	0.1411326623824173	0.9222496908096418	3	Male	4
C04M4_2017	0.4040568933445407	1.0847845737864983	0.07483210629447323	0.8503754987822902	4	Male	4
C04M4_2017	0.3290571458968055	1.080757998612831	0.05568761328843125	0.8031017335901056	5	Male	4
C04M4_2017	0.25400831886019765	1.1088520261517907	0.03730326940091811	0.7495028551878399	6	Male	4
C04M5_3091	0.4083673716515445	1.109781558424234	0.07270574232413182	0.8586853015514123	1	Male	4
C04M5_3091	0.16672594666783316	1.1486001040401226	0.020628730939549752	0.6552514353267173	2	Male	4
C04M5_3091	0.12856928539812318	1.1731924553682105	0.014584797265827724	0.5952583483897188	3	Male	4
C04M5_3091	0.1814105693013291	1.1141329182050719	0.02435218149273933	0.6630331747794556	4	Male	4
C04M5_3091	0.2620331521767033	1.0829838216193612	0.04077575725713414	0.7478505921991302	5	Male	4
C04M5_3091	0.3018321766519662	1.0973519834851064	0.04790893259480304	0.7878780567078179	6	Male	4
C05M1_3194	0.801363541004989	1.13444513110836	0.303934148023804	0.9738729578903108	1	Male	5
C05M1_3194	0.8505238619397035	1.1254470621927768	0.3852981249631314	0.9810077881823367	2	Male	5
C05M1_3194	0.9240748091733412	1.1589447781091489	0.5566444054615349	0.9915953878772195	3	Male	5
C05M1_3194	0.950397228957632	1.2160856186684077	0.6386130201849307	0.9952094946128632	4	Male	5
C05M1_3194	0.9611781821545203	1.2592409488538996	0.6772386427915623	0.9965886986794268	5	Male	5
C05M1_3194	0.9630225249627333	1.3079331123866538	0.6673593910004092	0.9970508055208597	6	Male	5
C05M2_3917	0.36577921731935964	1.086573885650481	0.06416310217212778	0.8291023075957151	1	Male	5
C05M2_3917	0.42822039158925906	1.076913762147139	0.08318582788024301	0.8607575922470556	2	Male	5
C05M2_3917	0.4198289167251116	1.0739442399431114	0.08103493304591725	0.8558716606536431	3	Male	5
C05M2_3917	0.4144144089991367	1.0724802400909015	0.07960188472390181	0.8527427358031942	4	Male	5
C05M2_3917	0.4065583385149528	1.0638625865470392	0.07846820025632174	0.8464364807352291	5	Male	5
C05M2_3917	0.3912681383653766	1.0817269205161717	0.0716157570058927	0.8426608673626302	6	Male	5
C05M3_3425	0.32349335686391933	1.093346973373726	0.05311670479227965	0.8030009517258427	1	Male	5
C05M3_3425	0.2574485040381028	1.0867486536306612	0.039571866686371866	0.7447330010197496	2	Male	5
C05M3_3425	0.26689028414979266	1.0859775826031497	0.04152950392761332	0.7536211194781516	3	Male	5
C05M3_3425	0.22497334616134448	1.0883045931370658	0.033247810052968334	0.7101519867524062	4	Male	5
C05M3_3425	0.17235199477748994	1.1004983956719436	0.023522683650219884	0.6428804398950219	5	Male	5
C05M3_3425	0.21361480873751745	1.1062666504431655	0.030133670317097284	0.7036980846878615	6	Male	5
C05M4_2108	0.9252092895191196	1.2328884458609832	0.5247071941724352	0.9928377511117654	1	Male	5
C05M4_2108	0.9022114097090342	1.1681354385078326	0.48314078771005753	0.9891377953919589	2	Male	5
C05M4_2108	0.8222723980828525	1.1032305613296327	0.3474034089481455	0.9757339532386772	3	Male	5
C05M4_2108	0.7579681826986037	1.088094295909129	0.27070405842650247	0.9635329596581925	4	Male	5
C05M4_2108	0.6870483249835645	1.0782104795720926	0.20967295823942073	0.9478271323973358	5	Male	5
C05M4_2108	0.6840475525061486	1.0894231584910805	0.20378650827164543	0.9482240899180618	6	Male	5
C05M5_2187	0.08387365822295591	1.1821505253324158	0.008943760550028547	0.4815408354789731	1	Male	5
C05M5_2187	0.0837538515144382	1.1546670972260131	0.009419502891158884	0.4677207153436558	2	Male	5
C05M5_2187	0.08335150704735969	1.149282838136854	0.009469070356860875	0.4637874128093835	3	Male	5
C05M5_2187	0.11244258508814345	1.1205480192745	0.013894582650444737	0.5325049132384414	4	Male	5
C05M5_2187	0.16526513153702077	1.111975632137524	0.02190278433647762	0.6364222476402835	5	Male	5
C05M5_2187	0.1548075970411183	1.1261119321785886	0.019752595548536683	0.6247496412229812	6	Male	5
C06M1_2697	0.386687402158479	1.0728935908104893	0.07148552886419916	0.8377490883451989	1	Male	6
C06M1_2697	0.3781118634136727	1.0620172621379473	0.07049661661288036	0.8297625629055155	2	Male	6
C06M1_2697	0.35649756289928963	1.05742640576458	0.06518519410496572	0.8148622987292392	3	Male	6
C06M1_2697	0.31603470855163057	1.0528985632653298	0.055425311182845674	0.7844158762449279	4	Male	6
C06M1_2697	0.273065423345878	1.058551469431138	0.04505164224829091	0.7494343360513229	5	Male	6
C06M1_2697	0.2203574779957963	1.1171104913762153	0.030677118640328172	0.7162451728616654	6	Male	6
C06M2_3949	0.3797955849047184	1.06486924849486	0.07059919587878913	0.8315551776658798	1	Male	6
C06M2_3949	0.37909326567828006	1.0539264932640569	0.07182040634274234	0.8281054570068741	2	Male	6
C06M2_3949	0.36547990335005043	1.0525981111493226	0.06819755851681018	0.8192681087168232	3	Male	6
C06M2_3949	0.3628575554491807	1.0541496948412952	0.06729027323274225	0.8180382410815084	4	Male	6
C06M2_3949	0.37023196549745496	1.055636905970519	0.06912348261182033	0.8231430092210898	5	Male	6
C06M2_3949	0.45322153037322005	1.0795049402602865	0.09083734743977634	0.8730420852484853	6	Male	6
C06M3_2360	0.9732651636489051	1.326229899818347	0.7301386779134031	0.9979626216396317	1	Male	6
C06M3_2360	0.9762123137024649	1.2946007068677776	0.7644334078052567	0.998076882596052	2	Male	6
C06M3_2360	0.978123737012339	1.2860063231674304	0.7824000569147792	0.9982046531653107	3	Male	6
C06M3_2360	0.9792588672909721	1.2907035226512829	0.7900032147613858	0.9983151788661505	4	Male	6
C06M3_2360	0.9797574538065512	1.3041562352966944	0.7897500026756401	0.9983991488039414	5	Male	6
C06M3_2360	0.9794795840311834	1.3301577801652547	0.7787746331007384	0.9984572771808368	6	Male	6
C06M4_3438	0.13986391378992014	1.1188127164855295	0.01782349781871125	0.5930074107105052	1	Male	6
C06M4_3438	0.13944222245243532	1.1133424358488002	0.01795018709959305	0.5895682073446674	2	Male	6
C06M4_3438	0.1652766659682314	1.077863818914067	0.02338372005043112	0.6208352084211535	3	Male	6
C06M4_3438	0.19442490004300697	1.063040622344581	0.029169399532566122	0.6597119582134191	4	Male	6
C06M4_3438	0.2571074358544475	1.0864080431924137	0.039529424134280386	0.7442664910881758	5	Male	6
C06M4_3438	0.2415234514461199	1.07915449330155	0.03698882254795068	0.7252706842727281	6	Male	6
C06M5_2185	0.6290530927927287	1.0648070949044786	0.17381505226748103	0.9318296483074869	1	Male	6
C06M5_2185	0.6210302171436124	1.0543312340769992	0.17185630672992339	0.9282673994378123	2	Male	6
C06M5_2185	0.5969607240808287	1.049891453107823	0.15910102776820223	0.920602885695031	3	Male	6
C06M5_2185	0.6068026208561494	1.0509966984113752	0.16437578457515084	0.9237065623471998	4	Male	6
C06M5_2185	0.5658738927697455	1.0501452857057396	0.14267952697951822	0.9107870677666957	5	Male	6
C06M5_2185	0.5560008156411543	1.065360847186877	0.1343395891075291	0.909949290841579	6	Male	6
C07M1_2688	0.28788491511694686	1.085157568698591	0.04597691324272891	0.7722730785112458	1	Male	7
C07M1_2688	0.2850846118091218	1.0685518972366121	0.04681071332342472	0.7640376944923927	2	Male	7
C07M1_2688	0.27130727563553664	1.040380482845391	0.046216123089523796	0.7409876420974414	3	Male	7
C07M1_2688	0.26197956549870743	1.0783207423427135	0.041123804686130395	0.7460707617520497	4	Male	7
C07M1_2688	0.26570291321458384	1.0553950588638314	0.04372727145988705	0.7411590424205009	5	Male	7
C07M1_2688	0.2660662833561262	1.058187599605399	0.043576497970673186	0.7425636961352802	6	Male	7
C07M2_2730	0.3724026283182446	1.098609724731944	0.06445519404378026	0.8363493264581773	1	Male	7
C07M2_2730	0.38651343878699523	1.0434516785409462	0.07536058614707804	0.829648192037252	2	Male	7
C07M2_2730	0.39896551039541356	1.0591929730731524	0.07686268846277196	0.8410688899880739	3	Male	7
C07M2_2730	0.40531152263374787	1.090333069517586	0.07444070571070173	0.8524102940109048	4	Male	7
C07M2_2730	0.40584156503346586	1.102234333915504	0.07299806244203227	0.8555926717370863	5	Male	7
C07M2_2730	0.4063686922114282	1.1139582793592115	0.0716034511338762	0.8586740571668022	6	Male	7
C07M3_4182	0.529391859152515	1.048402560441378	0.12596370166992593	0.8977558342236234	1	Male	7
C07M3_4182	0.5320758510507416	1.0386468242797917	0.12929230865593958	0.8969873734261237	2	Male	7
C07M3_4182	0.5420845975756398	1.0336545752808832	0.1350311359040385	0.8997692539140333	3	Male	7
C07M3_4182	0.5494544169436274	1.053534746019017	0.13395608476145746	0.905796447858269	4	Male	7
C07M3_4182	0.5441304776262423	1.0387276986228464	0.13483289856398253	0.901397641475823	5	Male	7
C07M3_4182	0.5363090482490512	1.0409448113663198	0.13070700225813867	0.8989585991992778	6	Male	7
C07M4_3127	0.2307386553972137	1.0649986686223913	0.035863801834806655	0.7074877938242256	1	Male	7
C07M4_3127	0.23209627709273184	1.0555132907544873	0.03678168257403187	0.7052148960253763	2	Male	7
C07M4_3127	0.23645580432151325	1.0413142305505585	0.03867392420342921	0.7044810973287353	3	Male	7
C07M4_3127	0.24115188713461402	1.0405259612267241	0.03970482175238	0.7095127411594181	4	Male	7
C07M4_3127	0.24548498578875927	1.0522738916354275	0.03972426262628427	0.7190147185508093	5	Male	7
C07M4_3127	0.25062692573429657	1.083280300839982	0.03847685114400345	0.736512232423125	6	Male	7
C07M5_4178	0.9103912403995705	1.1257388124205938	0.5279742151798132	0.9892796037995952	1	Male	7
C07M5_4178	0.9141669775568295	1.0937579657105	0.5552443392979277	0.9891140389980201	2	Male	7
C07M5_4178	0.916135264135805	1.098006640616717	0.5594438694280848	0.9894707413855297	3	Male	7
C07M5_4178	0.9164431722474871	1.100620310272589	0.5591706634054646	0.9895655095255174	4	Male	7
C07M5_4178	0.9151133464910833	1.0971153132165303	0.5566123403732812	0.989313579823243	5	Male	7
C07M5_4178	0.9155423776826985	1.1051052565522175	0.5541123013509418	0.9895353570166631	6	Male	7
C08M1_3988	0.5278159088543355	1.0711462184477618	0.12046550077379742	0.9012139816284078	1	Male	8
C08M1_3988	0.4925707073960995	1.0495568774441664	0.11038514657703434	0.8836413793899175	2	Male	8
C08M1_3988	0.4668775653872172	1.0450804814094907	0.10146933865169071	0.8716510056592028	3	Male	8
C08M1_3988	0.4324210252279215	1.05292660461835	0.08821088058220959	0.8571377829032674	4	Male	8
C08M1_3988	0.4248503127268487	1.057789481910872	0.08501167397225134	0.8544994331489837	5	Male	8
C08M1_3988	0.4418337717504135	1.064927757432201	0.08940324831890378	0.8645371638070927	6	Male	8
C08M2_3294	0.9403478375435048	1.172241807580215	0.6130539638064962	0.993664753592325	1	Male	8
C08M2_3294	0.9432505713458097	1.1526830154604415	0.6344763848084433	0.9937562039609218	2	Male	8
C08M2_3294	0.9475315268148049	1.1483856197954847	0.655398162541161	0.9942020853811981	3	Male	8
C08M2_3294	0.9488299108407132	1.1530187742174058	0.6593051157857613	0.9944032106079471	4	Male	8
C08M2_3294	0.9474194937394782	1.1621291747915083	0.6487764275919168	0.9943426588080576	5	Male	8
C08M2_3294	0.9477129941088587	1.185461240795437	0.639649334619257	0.9946258443522931	6	Male	8
C08M3_3677	0.33595561668834917	1.101556365800563	0.05518068448299391	0.8142159839477987	1	Male	8
C08M3_3677	0.4044385093388503	1.0478999728835858	0.08011016708525069	0.841154226241433	2	Male	8
C08M3_3677	0.4150800475584131	1.04645797051835	0.08362956740449835	0.8465788143083699	3	Male	8
C08M3_3677	0.4704379981516413	1.0523706933348385	0.10147019761652806	0.8748153048315535	4	Male	8
C08M3_3677	0.4956400505353861	1.0635192313136614	0.10891232426253276	0.8876560461173766	5	Male	8
C08M3_3677	0.4968652353403863	1.072723671969345	0.10764368154022237	0.889923560160541	6	Male	8
C08M4_3065	0.32654514501008797	1.0643967016622875	0.056784469277221875	0.7961375460042752	1	Male	8
C08M4_3065	0.32789373994608584	1.0556825366284603	0.05804020617307779	0.7943539882974991	2	Male	8
C08M4_3065	0.34828915335944177	1.0595442442735439	0.06278264748444332	0.8100139185894017	3	Male	8
C08M4_3065	0.33142545836935833	1.0709189568306166	0.05728595270907787	0.8017419943998071	4	Male	8
C08M4_3065	0.33447437707251726	1.1100382486454774	0.053979910694112045	0.8157204971319133	5	Male	8
C08M4_3065	0.3374824663831189	1.1469317256254017	0.051053498963232816	0.828269387934115	6	Male	8
C08M5_3735	0.238757361449406	1.0781438518029178	0.03652225965996429	0.7218423618750086	1	Male	8
C08M5_3735	0.23179511319072033	1.0657529331208087	0.036018479663098714	0.7090211425782081	2	Male	8
C08M5_3735	0.2214487610509299	1.0613245164969627	0.034310152928956526	0.6948546056236555	3	Male	8
C08M5_3735	0.2062016833560986	1.0617037113705199	0.03140511349123505	0.6754471116171118	4	Male	8
C08M5_3735	0.17102745932692043	1.0880873922641259	0.023869961003881914	0.6351208734776735	5	Male	8
C08M5_3735	0.15274059211358648	1.1379542899519721	0.01900966016146417	0.626465542302043	6	Male	8
C01M1_3942	0.6961203411743386	1.1154101294543959	0.20468388560104703	0.953249622278664	1	Female	9
C01M1_3942	0.7718973896217302	1.131489670363998	0.2692122519954762	0.9688330798398994	2	Female	9
C01M1_3942	0.8442178010312623	1.1705499727736157	0.35336416265969717	0.9817323582073632	3	Female	9
C01M1_3942	0.760647693290611	1.1737267880675235	0.2415448518160247	0.9694302028087384	4	Female	9
C01M1_3942	0.8435373725204327	1.1745955255561682	0.35037804214237056	0.9817818709174403	5	Female	9
C01M1_3942	0.9176187694928465	1.3022895551298825	0.4645554944926757	0.9930556961678135	6	Female	9
C01M2_2472	0.15970902490519545	1.191999090243951	0.018045122128442247	0.6628186754251006	1	Female	9
C01M2_2472	0.5137611117729047	1.115129872927219	0.10616221673065604	0.9038429426571891	2	Female	9
C01M2_2472	0.5457438371420587	1.1137278952069611	0.1192682293669124	0.9142254602093328	3	Female	9
C01M2_2472	0.445682411217041	1.1311466515986737	0.0805322037051385	0.8806789649436665	4	Female	9
C01M2_2472	0.3547222968810581	1.1176540513046718	0.05792655965563545	0.8309276696260222	5	Female	9
C01M2_2472	0.3389886819070025	1.1351521087025156	0.05251752624513055	0.825930071994043	6	Female	9
C01M3_4215	0.4393432144985923	1.1064097152343901	0.08223569133186014	0.8726610934502873	1	Female	9
C01M3_4215	0.33483020969562777	1.12913987950062	0.05217866806065079	0.8215163342517465	2	Female	9
C01M3_4215	0.5255577290855212	1.111622530623771	0.11140988263226796	0.9072962599574012	3	Female	9
C01M3_4215	0.7820164346094414	1.1830467950837142	0.2609044374320536	0.9733040641086684	4	Female	9
C01M3_4215	0.7903591611374118	1.1512267148389415	0.28307259602242063	0.9729712810476215	5	Female	9
C01M3_4215	0.6884551404257562	1.1424251344222245	0.19058626155034605	0.9539998536350706	6	Female	9
C01M4_4146	0.0911582480102913	1.2599869336363958	0.008416550750137483	0.5423867734976526	1	Female	9
C01M4_4146	0.03821586025053558	1.3493034162603101	0.0028145748399202334	0.35871326444329055	2	Female	9
C01M4_4146	0.024157046983334554	1.4342728345697398	0.0014864921084081482	0.291604850057035	3	Female	9
C01M4_4146	0.02008692593447407	1.5035855227099275	0.0010749901760866126	0.2808152612736646	4	Female	9
C01M4_4146	0.019306987366677398	1.5351966017088112	9.705055538348887e-4	0.2851897532231746	5	Female	9
C01M4_4146	0.022773798536276584	1.6126827497070186	9.8694622314591e-4	0.35473103950378104	6	Female	9
C01M5_4176	0.5562359537244441	1.1054783449180772	0.12556019711793276	0.9162610682485045	1	Female	9
C01M5_4176	0.17991566965474184	1.216408654503475	0.019820167237375567	0.7041623707073912	2	Female	9
C01M5_4176	0.2928382103498874	1.1452790649583977	0.0420335388056893	0.7962576345238527	3	Female	9
C01M5_4176	0.30121897341825343	1.5167831073588645	0.02157645019674414	0.8939121825605604	4	Female	9
C01M5_4176	0.30856768109202093	1.749404151135723	0.014264794378550438	0.9322606421620677	5	Female	9
C01M5_4176	0.3149953066186461	1.9093771476515433	0.010780488361627472	0.9509882896055869	6	Female	9
C10F1_2454	0.9676566454791803	1.197968343302131	0.74086973723420535	0.9968160495754235	1	Female	10
C10F1_2454	0.967573457485162	1.1894062074839153	0.7435725795557011	0.9967537633032593	2	Female	10
C10F1_2454	0.9671050717021027	1.1823680944250403	0.7433759580211562	0.9966598290792464	3	Female	10
C10F1_2454	0.9662295626653481	1.179190833943549	0.7393598643518018	0.996546774065318	4	Female	10
C10F1_2454	0.9649047771003681	1.1848209992390513	0.7294350029745174	0.9964461758821977	5	Female	10
C10F1_2454	0.9650504052243362	1.191727789637657	0.7276099176720788	0.9965088158376663	6	Female	10
C10F2_2389	0.4351656365373446	1.0412349090351347	0.0909914697656231	0.8556940415669576	1	Female	10
C10F2_2389	0.4343654964037546	1.0349156711340037	0.09174941357431779	0.8537518402822437	2	Female	10
C10F2_2389	0.4352034132593003	1.0324888804438843	0.09243217876095508	0.8535836057222423	3	Female	10
C10F2_2389	0.4333955901086057	1.0320445373013074	0.09188939310355675	0.8525521299731222	4	Female	10
C10F2_2389	0.425436288538097	1.03407301758032	0.08889180831541732	0.8489321363335803	5	Female	10
C10F2_2389	0.42043205496263236	1.0427471795859222	0.08590072317660775	0.8484823159262425	6	Female	10
C10F3_4410	0.20758810741748027	1.0895919914140018	0.030029468145878053	0.6891258198251483	1	Female	10
C10F3_4410	0.20814682912916618	1.0869377823432573	0.030280845383395486	0.6887381556940914	2	Female	10
C10F3_4410	0.22196169100678181	1.0507563993210731	0.03510364708746263	0.6910801050833776	3	Female	10
C10F3_4410	0.2401999126999461	1.0424733168957427	0.0393621057901584	0.7092256793384202	4	Female	10
C10F3_4410	0.2527414007719192	1.0580477806464834	0.04078581595137725	0.7290268985158972	5	Female	10
C10F3_4410	0.26442526287313156	1.0912852549927097	0.04062208074262176	0.7532062819640185	6	Female	10
C10F4_2809	0.17028115967084712	1.0962958247278491	0.023377269197654437	0.6376235300841363	1	Female	10
C10F4_2809	0.16797484207922808	1.085186562919353	0.023499983701355948	0.6287546892180909	2	Female	10
C10F4_2809	0.15724719477264204	1.0574494570461856	0.022945569874199965	0.5971750592601877	3	Female	10
C10F4_2809	0.14601681649575618	1.0579081660152327	0.02104852456870753	0.5762192965302059	4	Female	10
C10F4_2809	0.13824757201113644	1.0786836160939364	0.019000568445287944	0.5705900866295933	5	Female	10
C10F4_2809	0.1315834160007207	1.1167143969858746	0.016695977320171338	0.5748554665390064	6	Female	10
C10F5_4195	0.6991544952420754	1.0459992147398682	0.2302596070220493	0.9475189940254319	1	Female	10
C10F5_4195	0.7009418936803007	1.039100917515271	0.23418786110552078	0.9472693939941862	2	Female	10
C10F5_4195	0.6988462725146479	1.0370293651672624	0.23312835293717227	0.946563809468751	3	Female	10
C10F5_4195	0.699302721572507	1.0366518893170902	0.23364893194462633	0.9466360893469874	4	Female	10
C10F5_4195	0.7088685709552474	1.0381004793603361	0.24145038050057324	0.9490460422073309	5	Female	10
C10F5_4195	0.7121792512367486	1.0469917907901103	0.24120683083296127	0.9506429509652483	6	Female	10
C11F1_3289	0.6489410410687702	1.096004954481632	0.177446765159487	0.9406164340638444	1	Male	11
C11F1_3289	0.7144604372823771	1.102247843243783	0.22387616176542646	0.955955593856115	2	Male	11
C11F1_3289	0.6011505644782391	1.0936540594064321	0.15017092027969733	0.9278273164081642	3	Male	11
C11F1_3289	0.6472442596026996	1.0913019023607025	0.1777064320833756	0.9396791295152706	4	Male	11
C11F1_3289	0.6631130555400883	1.0817842659795094	0.1910719215969608	0.9425382124402902	5	Male	11
C11F1_3289	0.7514342641336884	1.1102344856493496	0.25545192065004096	0.9638164402805174	6	Male	11
C11F2_2459	0.42231575924450726	1.0905373538097642	0.07938824567382391	0.8610621282912467	1	Male	11
C11F2_2459	0.3858033969942209	1.0933317517202217	0.06863312161280936	0.8426267448477495	2	Male	11
C11F2_2459	0.4360423372144513	1.0937764229775315	0.08309630286847572	0.8683585259160677	3	Male	11
C11F2_2459	0.6589318145163339	1.0954086204640108	0.18415842456293355	0.9429722622290833	4	Male	11
C11F2_2459	0.7219316117510074	1.0880312688347502	0.23533302538842044	0.9563351681298629	5	Male	11
C11F2_2459	0.7314957640583879	1.1053125824506622	0.237914368542697	0.9596352967845593	6	Male	11
C11F3_3176	0.12029267525986236	1.1778336427511884	0.013411069083263772	0.5790439595771977	1	Male	11
C11F3_3176	0.09833385158971601	1.17993765603025	0.010681412814402361	0.5241709748276799	2	Male	11
C11F3_3176	0.05056590962557975	1.2216187564636325	0.004835530134127901	0.3685925083382036	3	Male	11
C11F3_3176	0.034681718359793015	1.269737102205124	0.002973955039298235	0.3020391889984471	4	Male	11
C11F3_3176	0.029024896514547625	1.3049368204179341	0.0023109659627019255	0.278378775042103	5	Male	11
C11F3_3176	0.0305221367411188	1.3693862790011544	0.002145460682269764	0.31553721631437676	6	Male	11
C11F4_3867	0.8812702282372487	1.1714423367072329	0.42764388600512787	0.9866196713830045	1	Male	11
C11F4_3867	0.8470283670869843	1.1370492640126029	0.3735320232831956	0.9809238747947492	2	Male	11
C11F4_3867	0.8221398790644504	1.1402540999167943	0.33093841219027126	0.9773740092681765	3	Male	11
C11F4_3867	0.5348233867701166	1.0919980051688345	0.119123429740172	0.9071898881263701	4	Male	11
C11F4_3867	0.3932848101305545	1.0792604967284054	0.07250464766877567	0.8431409203797999	5	Male	11
C11F4_3867	0.3014052084094458	1.1030852130255646	0.04730753342038134	0.7894132023851343	6	Male	11
C11F5_2484	0.3456795488218609	1.097700883695251	0.05789208085849603	0.8195599804752776	1	Male	11
C11F5_2484	0.40660731358505553	1.0926346606653798	0.07450013298844627	0.8536494787709099	2	Male	11
C11F5_2484	0.5952904815116941	1.0914276734011084	0.14763409584836298	0.9258786010809676	3	Male	11
C11F5_2484	0.6598903468729269	1.0928980010156397	0.1855429783821622	0.9429371492796274	4	Male	11
C11F5_2484	0.7111693874617367	1.0860960069543744	0.2265949549553384	0.9539014688461679	5	Male	11
C11F5_2484	0.6883612793801417	1.0985428427687638	0.20413709121671628	0.9500538694786589	6	Male	11
C12F1_2474	0.31930540634260235	1.0264716959520863	0.05903289992704721	0.7781437883987525	NA	Female	12
C12F2_4060	0.45255562209533495	1.0235464558347445	0.10006843890468377	0.8600570643135035	NA	Female	12
C12F3_2038	0.9339058229177448	1.090927349372126	0.624833816320194	0.9917271854017139	NA	Female	12
C12F4_2575	0.7556698397289624	1.031819337428009	0.2904407088347735	0.9589643568977033	NA	Female	12
C12F5_2506	0.03284518776355119	1.1772104260530556	0.003368735610087108	0.2544034397133642	NA	Female	12
C13F1_2568	0.497173976623259	1.0639929717670742	0.10941874575092389	0.8883586147952478	1	Female	13
C13F1_2568	0.49465233124956853	1.0533406018848728	0.11047472754964292	0.8852503972284668	2	Female	13
C13F1_2568	0.4900688373633367	1.0505475336074692	0.10921689461018344	0.8828091725050224	3	Female	13
C13F1_2568	0.4498190262471811	1.050165862412207	0.09451696517233026	0.8649334957001508	4	Female	13
C13F1_2568	0.4540938124302223	1.0471912734180078	0.09651156080064137	0.8662630552225677	5	Female	13
C13F1_2568	0.44946504608633026	1.0617074114603546	0.09247853556753792	0.8673899673066015	6	Female	13
C13F2_2585	0.21180186746032553	1.1009739385572754	0.03012045095574953	0.6992588419653201	1	Female	13
C13F2_2585	0.21772319646677285	1.093072787026265	0.031634312362294664	0.7033703474288632	2	Female	13
C13F2_2585	0.261633052877955	1.0672660135117684	0.04191467211908862	0.7416007180801027	3	Female	13
C13F2_2585	0.34294504269800175	1.0555900411082642	0.06185474856479401	0.8051378325264996	4	Female	13
C13F2_2585	0.3964802917248945	1.0584192813546558	0.07623647897578523	0.8394728852285069	5	Female	13
C13F2_2585	0.43187607092012176	1.0783815498513678	0.08410852856780679	0.8628763222600156	6	Female	13
C13F3_2460	0.9931134873193033	1.791750203690321	0.8114583711161714	0.999793095438088	1	Female	13
C13F3_2460	0.9932574261148986	1.769319805927985	0.821236149468139	0.9997883471042299	2	Female	13
C13F3_2460	0.9933319483572335	1.757733734492126	0.8261584559976951	0.999785895453742	3	Female	13
C13F3_2460	0.9933400593175046	1.7564303058701738	0.8267006687062004	0.999785610700079	4	Female	13
C13F3_2460	0.9932820830591219	1.7653474588857698	0.8229144253774954	0.9997874783200905	5	Female	13
C13F3_2460	0.9931381271780163	1.7879832436962766	0.8131343717971106	0.9997923132899781	6	Female	13
C13F4_2096	0.1169553762603082	1.1551727362347304	0.01357737301560008	0.560333014291022	1	Female	13
C13F4_2096	0.1009777751848034	1.1223556048792738	0.012295091323989706	0.5033422633400789	2	Female	13
C13F4_2096	0.07926825433146768	1.1103471084987533	0.009674200804002294	0.4314124618226161	3	Female	13
C13F4_2096	0.06153219279436512	1.1359152381210582	0.00702632034118842	0.37793200643054686	4	Female	13
C13F4_2096	0.052019885204017235	1.1743293943977646	0.005462611113798702	0.35410026990385873	5	Female	13
C13F4_2096	0.04859711201388429	1.212809733168065	0.00471895907073674	0.35495933748730035	6	Female	13
C13F5_2979	0.6593430856024152	1.0683965400448654	0.19253051879431163	0.9401606278298384	1	Female	13
C13F5_2979	0.6751945742169186	1.0587329636240903	0.20696726112791244	0.9430450297049994	2	Female	13
C13F5_2979	0.6655792229260785	1.053344464751798	0.201610403903281	0.9400698732332575	3	Female	13
C13F5_2979	0.6554493571312177	1.0506304717824524	0.19527089155526123	0.9371609205774544	4	Female	13
C13F5_2979	0.631011474770517	1.0500937749385182	0.1792278740755463	0.9305199904174912	5	Female	13
C13F5_2979	0.6088195142998979	1.0664148683315564	0.16140895366010263	0.9263881666009666	6	Female	13
C14F1_3137	0.1489473649676872	1.1653842291158891	0.01751560769139854	0.6320985304420624	1	Female	14
C14F1_3137	0.08013312724345237	1.154404215338082	0.008985381561754184	0.45562979112027774	2	Female	14
C14F1_3137	0.057641661774634964	1.1793149435675825	0.006026436005233005	0.3816088188341764	3	Female	14
C14F1_3137	0.05194667381218295	1.1914376633535777	0.0052756279379018505	0.36146341174129454	4	Female	14
C14F1_3137	0.040563947040357755	1.2268024158758557	0.003803758730465219	0.3188683145657444	5	Female	14
C14F1_3137	0.039304411485040394	1.2799317250216464	0.003318425495969389	0.3345447488590089	6	Female	14
C14F2_3505	0.7875584233727286	1.1088524368346317	0.2967045312624285	0.9702169821652109	1	Female	14
C14F2_3505	0.7786282914964637	1.094426512754954	0.2916578222332545	0.967789655036552	2	Female	14
C14F2_3505	0.7250290838116574	1.0955671152545532	0.2354613765109085	0.9575811863516923	3	Female	14
C14F2_3505	0.7875478824442476	1.0920530292958566	0.30360763127531987	0.9692487947589893	4	Female	14
C14F2_3505	0.810738950547594	1.091750166810002	0.3351524715190593	0.9732631009027126	5	Female	14
C14F2_3505	0.7734921443346477	1.1046373279717459	0.2815242242209442	0.9674908778753021	6	Female	14
C14F3_3211	0.1860067186253682	1.1330018443744454	0.024202193573480506	0.6779733101941573	1	Female	14
C14F3_3211	0.30214976252710263	1.0868442828406364	0.048927188692553254	0.784670408159348	2	Female	14
C14F3_3211	0.3306156675584914	1.081614211502976	0.05597081397069298	0.8044783739351836	3	Female	14
C14F3_3211	0.44504956442003873	1.0754743887698777	0.08878313448497854	0.8684357089937934	4	Female	14
C14F3_3211	0.5053844652039893	1.0662985538389576	0.11220950629208026	0.8920106495112726	5	Female	14
C14F3_3211	0.5734753025864883	1.08485813546505	0.13820989028609987	0.9185141161799523	6	Female	14
C14F4_3146	0.7368735253305296	1.1003543452177196	0.2447385605594386	0.9603206503871405	1	Female	14
C14F4_3146	0.736614633068922	1.0993197386977513	0.24486667227510386	0.9601923197095529	2	Female	14
C14F4_3146	0.8464734013837673	1.1137030176434857	0.38328861875279807	0.9799647376483602	3	Female	14
C14F4_3146	0.8477009519818587	1.1077800629095857	0.388284945147907	0.9799228391389114	4	Female	14
C14F4_3146	0.8577585903780277	1.1055515088839194	0.40853035929840364	0.9813601573119762	5	Female	14
C14F4_3146	0.85609694794749	1.1311424305343394	0.3932301198713304	0.9820180679528211	6	Female	14
C14F5_2828	0.615323311046823	1.086050988596017	0.15991291183077827	0.9307563086306826	1	Female	14
C14F5_2828	0.6112062468780274	1.0832409179491853	0.15832717730617535	0.9292679701982641	2	Female	14
C14F5_2828	0.5480901132073631	1.0820514167478206	0.12699152773136513	0.9100085005471014	3	Female	14
C14F5_2828	0.3571612305068007	1.0822004284093618	0.062457222522534106	0.8224984452199935	4	Female	14
C14F5_2828	0.28948320431834107	1.0792370043191484	0.04683483361599378	0.7716004491583084	5	Female	14
C14F5_2828	0.2730744060712505	1.0963598065446682	0.04197074236185621	0.7630990859810449	6	Female	14
C15F1_3638	0.02271240809265449	1.3575261602125348	0.0016218381367857128	0.24952125984854126	1	Female	15
C15F1_3638	0.022534047896033214	1.3202277499508124	0.0017306347509061996	0.23463221935628534	2	Female	15
C15F1_3638	0.02358193457503151	1.3024079388082141	0.0018772233293262322	0.2367217482927556	3	Female	15
C15F1_3638	0.02137124148710523	1.3035229394053747	0.0016940051219851548	0.21938597688479752	4	Female	15
C15F1_3638	0.020368951256432774	1.3200466903941754	0.0015617142516492352	0.21654414204805483	5	Female	15
C15F1_3638	0.0207128651711617	1.3608444023088002	0.001466695057895284	0.23346219448010289	6	Female	15
C15F2_1935	0.797011517538317	1.098192971659451	0.3133080752705804	0.9712553727388537	1	Female	15
C15F2_1935	0.795505356514221	1.0832234781738783	0.31763902610429806	0.9701572083462798	2	Female	15
C15F2_1935	0.7781837286301453	1.0760034740436897	0.29863322103615114	0.9665616382470859	3	Female	15
C15F2_1935	0.7338338204618379	1.067834153084904	0.2537417447776965	0.9571837728342223	4	Female	15
C15F2_1935	0.6755513962467393	1.0628530220126222	0.20591099479122837	0.9435639363549704	5	Female	15
C15F2_1935	0.6508258353219313	1.0781594140065371	0.18384933501875458	0.939107781047474	6	Female	15
C15F3_4366	0.4757334485213125	1.0801445339531661	0.09848371427939981	0.8828708607457532	1	Female	15
C15F3_4366	0.5341957195793791	1.0711046947750447	0.12321512176297032	0.9034642702045189	2	Female	15
C15F3_4366	0.6607812344814475	1.0651344155375906	0.19452875752595736	0.940161516258447	3	Female	15
C15F3_4366	0.7653751851352847	1.0761913778530832	0.28355042488450266	0.9641421000663317	4	Female	15
C15F3_4366	0.8217310094836789	1.0887153140215913	0.3530353883511829	0.9749609866755146	5	Female	15
C15F3_4366	0.8705593746131243	1.1450236325630294	0.4162245756328773	0.9844820578516857	6	Female	15
C15F4_3779	0.5118571492966061	1.0755896775442266	0.1129777129922917	0.8961866863080744	1	Female	15
C15F4_3779	0.47196264805081856	1.0638990835695599	0.099977818428301	0.877926195162507	2	Female	15
C15F4_3779	0.4152549052841788	1.0612782835050651	0.08148414770816222	0.8504053426818284	3	Female	15
C15F4_3779	0.3598905911957577	1.0622079954175252	0.06551426503356018	0.8184751347001313	4	Female	15
C15F4_3779	0.3223948434660636	1.0617035815959708	0.05605743567698531	0.7921794611425335	5	Female	15
C15F4_3779	0.29383868323423734	1.0818555650408095	0.04755204230877718	0.7761874464727505	6	Female	15
C15F5_3819	0.7029017676838761	1.0854250331118502	0.2199016404079113	0.9520540872285916	1	Female	15
C15F5_3819	0.6890441326077095	1.0699612859740562	0.21392423680762346	0.9474863756800296	2	Female	15
C15F5_3819	0.6405289260966948	1.0673952606067902	0.18028826437139817	0.9352158775446846	3	Female	15
C15F5_3819	0.6408909294431512	1.0635341280250612	0.18164299817017684	0.934851700931267	4	Female	15
C15F5_3819	0.6739278044277627	1.0605739949107698	0.2054321360128499	0.9429287915218136	5	Female	15
C15F5_3819	0.6498842624237112	1.0754400051325566	0.18402784288991134	0.9385639494384672	6	Female	15
C16F1_4081	0.5977785969194435	1.0926291838356472	0.1486414808739194	0.9267449770603395	1	Female	16
C16F1_4081	0.6736672846863024	1.0693612391996974	0.20244369602571916	0.943785723697446	2	Female	16
C16F1_4081	0.7448564561136888	1.0696306567657938	0.2640405476140642	0.9596044982832881	3	Female	16
C16F1_4081	0.8034670517912808	1.0844093488307287	0.32798843923946613	0.9716263206303537	4	Female	16
C16F1_4081	0.8426240628322019	1.111931140311044	0.37719726565782374	0.9793106219839626	5	Female	16
C16F1_4081	0.8516148859277964	1.1410311736224372	0.38011583165137797	0.9817236755352621	6	Female	16
C16F2_3183	0.6941204628755868	1.0832751979050226	0.21353857068416654	0.9499142195758129	1	Female	16
C16F2_3183	0.7459487920811668	1.0756211139709273	0.26287912886060455	0.9602773176236454	2	Female	16
C16F2_3183	0.7563622204047941	1.0796578172534106	0.27224686160577044	0.9626345804301034	3	Female	16
C16F2_3183	0.7332227255525992	1.085488664773268	0.24666417587989534	0.9584553436766348	4	Female	16
C16F2_3183	0.6586827049753619	1.1533767388321157	0.16754217374264607	0.94872940738908	5	Female	16
C16F2_3183	0.651033369982828	1.2275860130750438	0.14400213270816942	0.9538939785200705	6	Female	16
C16F3_3385	0.10857976750072008	1.1767807440857223	0.011988117820055471	0.5501104592961145	1	Female	16
C16F3_3385	0.08049566545962636	1.1400938292250562	0.009283642773687362	0.44989657672389305	2	Female	16
C16F3_3385	0.0585982672359383	1.152866458469772	0.006456172146805867	0.37353338378646145	3	Female	16
C16F3_3385	0.048610159305161875	1.1839502803916742	0.00499360402611043	0.342180669633031	4	Female	16
C16F3_3385	0.04465897453453406	1.2141482530557584	0.004309133756490546	0.3355193252942324	5	Female	16
C16F3_3385	0.04547172249476504	1.2501404358303092	0.00409307676994583	0.35574134194143753	6	Female	16
C16F4_3103	0.5652663529277665	1.0709800067915949	0.13746353571914935	0.9138554528288008	1	Female	16
C16F4_3103	0.5718438680032806	1.0613243219017416	0.14297719650580873	0.91447454013939	2	Female	16
C16F4_3103	0.5720333140870629	1.0593467231193985	0.14354790789925537	0.9142316006974993	3	Female	16
C16F4_3103	0.5659458098449835	1.0606942922828069	0.1402043590302544	0.9124762245833193	4	Female	16
C16F4_3103	0.5975695951831403	1.062967887953601	0.15603506400917028	0.9226370080341699	5	Female	16
C16F4_3103	0.6180477143041296	1.0851178147577496	0.16171510077779883	0.9313786248661315	6	Female	16
C16F5_3268	0.5078032410466097	1.0820529592727415	0.11011476833112936	0.895855552098962	1	Female	16
C16F5_3268	0.41928216131384954	1.0623197676650526	0.08257761324368006	0.8527566554567395	2	Female	16
C16F5_3268	0.38174640987905467	1.0633478672368641	0.07134131247054366	0.8322951238706024	3	Female	16
C16F5_3268	0.35426116466284924	1.0638667330133875	0.0638343357519186	0.8152934459037282	4	Female	16
C16F5_3268	0.33838945892230604	1.0675814967909423	0.059362178367228666	0.8056426309778011	5	Female	16
C16F5_3268	0.339881548177205	1.087106922658566	0.057621429335871485	0.8125809153406846	6	Female	16
